{"stats":{"minecraft:mined":{"minecraft:birch_leaves":5},"minecraft:picked_up":{"minecraft:wheat_seeds":3},"minecraft:used":{"minecraft:stone_sword":3},"minecraft:custom":{"minecraft:jump":160,"minecraft:time_since_rest":8484,"minecraft:damage_dealt":70,"minecraft:crouch_one_cm":348,"minecraft:leave_game":1,"minecraft:sprint_one_cm":27899,"minecraft:play_time":8484,"minecraft:damage_taken":14,"minecraft:time_since_death":8484,"minecraft:walk_one_cm":30216,"minecraft:sneak_time":39,"minecraft:climb_one_cm":198,"minecraft:total_world_time":8484,"minecraft:fall_one_cm":3184,"minecraft:fly_one_cm":38785}},"DataVersion":2975}