{"stats":{"minecraft:killed_by":{"minecraft:vindicator":1,"simple_mobs:sentinel_knight":2,"simple_mobs:sentinel_slash":1},"minecraft:crafted":{"minecraft:air":44,"minecraft:iron_boots":1},"minecraft:mined":{"immersive_weathering:spruce_leaf_pile":1,"minecraft:crafting_table":3,"untamedwilds:flora_bush_temperate":1,"minecraft:grass_block":2,"minecraft:tall_grass":16,"minecraft:spruce_leaves":2,"minecraft:spawner":1,"minecraft:white_terracotta":1,"minecraft:coarse_dirt":4,"minecraft:birch_log":1,"minecraft:birch_leaves":4,"minecraft:stripped_spruce_log":2,"treechop:chopped_log":4,"minecraft:grass":17,"minecraft:deepslate_iron_ore":1,"minecraft:vine":1,"minecraft:gravel":1,"minecraft:dirt":4,"minecraft:stone":14,"minecraft:iron_block":2,"minecraft:oak_leaves":2,"minecraft:fern":1},"minecraft:dropped":{"minecraft:gravel":1,"hexerei:sage_seed":2,"minecraft:wheat_seeds":2,"minecraft:coarse_dirt":4,"untamedwilds:flora_bush_temperate":1,"minecraft:birch_sapling":5,"minecraft:white_terracotta":1,"minecraft:chainmail_chestplate":1,"minecraft:stick":11,"minecraft:filled_map":1,"minecraft:cobweb":1,"minecraft:rabbit_hide":1,"magistuarmory:wood_morgenstern":1,"minecraft:oak_sapling":4,"minecraft:wooden_pickaxe":1},"minecraft:picked_up":{"minecraft:birch_log":9,"minecraft:coarse_dirt":4,"minecraft:crafting_table":3,"minecraft:filled_map":1,"paraglider:spirit_orb":1,"minecraft:dirt":4,"minecraft:wheat_seeds":2,"magistuarmory:wood_morgenstern":1,"minecraft:birch_sapling":6,"minecraft:stick":18,"minecraft:raw_iron":1,"untamedwilds:flora_bush_temperate":1,"minecraft:gravel":1,"minecraft:stripped_spruce_log":2,"minecraft:spruce_sapling":5,"minecraft:spruce_log":4,"immersive_weathering:stone_brick":2,"hexerei:sage_seed":2,"minecraft:iron_block":2,"minecraft:emerald":1,"minecraft:white_terracotta":1,"minecraft:cobblestone":14},"minecraft:killed":{"minecraft:spider":1,"minecraft:vindicator":1,"minecraft:skeleton":2,"minecraft:horse":1,"bloodandmadness:beast_patient":1},"minecraft:used":{"minecraft:trident":29,"minecraft:stone_pickaxe":22,"minecraft:shield":6,"minecraft:wooden_pickaxe":3,"minecraft:iron_sword":4,"minecraft:dirt":4,"minecraft:crafting_table":3,"minecraft:bread":11,"magistuarmory:wood_morgenstern":13,"minecraft:stone_axe":39},"minecraft:custom":{"lootr:looted_stat":6,"minecraft:interact_with_furnace":1,"minecraft:mob_kills":6,"minecraft:interact_with_crafting_table":10,"minecraft:open_barrel":10,"minecraft:damage_dealt_resisted":32,"minecraft:leave_game":2,"minecraft:time_since_death":5353,"minecraft:sleep_in_bed":3,"minecraft:climb_one_cm":5646,"minecraft:time_since_rest":5378,"champions:champion_mobs_killed":4,"minecraft:sprint_one_cm":134288,"minecraft:damage_taken":1494,"minecraft:walk_one_cm":169776,"minecraft:damage_blocked_by_shield":596,"minecraft:drop":28,"minecraft:damage_dealt":1781,"minecraft:swim_one_cm":2721,"minecraft:fly_one_cm":347838,"minecraft:open_chest":4,"minecraft:crouch_one_cm":6523,"minecraft:play_time":49047,"minecraft:deaths":4,"minecraft:sneak_time":2171,"minecraft:walk_under_water_one_cm":752,"minecraft:jump":1144,"minecraft:walk_on_water_one_cm":4005,"minecraft:total_world_time":49047,"minecraft:fall_one_cm":21801}},"DataVersion":2975}